{
    "Comparison": "2020 vs 2021",
    "KS_Statistic": 0.009494256894842956,
    "P_Value": 5.090040169821737e-41,
    "Drift_Detected": true
}