{
    "Scenario": "Global Warming (+2C AirTemperature)",
    "Base_Mean_Generation": 3.6414622037723174,
    "Simulated_Mean_Generation": 3.637771779814896,
    "Impact_Percentage": -0.10134456300544116
}