{
    "Ghi": {
        "0": 325.4552958964724,
        "1": 206.1444847200869,
        "2": 100.0179680705554
    },
    "CloudOpacity": {
        "0": 12.543099523336545,
        "1": 23.75676798452337,
        "2": 33.431195792133835
    },
    "AirTemperature": {
        "0": 20.173564365074213,
        "1": 16.43486460686597,
        "2": 11.736029633527103
    }
}